kp,kd,base_speed,min_base_speed,corner1,corner2,corner3,brake_pwr,runtime_ms,veerScore,lineLost,finish
0.180000,1.350000,260,90,900,1500,2000,120,14660,24.45,0,1
0.180000,1.350000,260,90,900,1500,2000,120,15021,24.77,0,1
0.180000,1.350000,260,90,900,1500,2000,120,14865,22.43,0,1
0.180000,1.350000,260,90,900,1500,2000,120,14980,23.12,0,1
0.180000,1.350000,260,90,900,1500,2000,120,16551,27.17,23,0
0.180000,1.350000,260,90,900,1500,2000,120,14890,22.89,0,1