kp,kd,base_speed,min_base_speed,corner1,corner2,corner3,brake_pwr,runtime_ms,veerScore,lineLost,finish
0.180000,1.350000,260,90,900,1500,2000,120,13299,21.09,0,1
0.180000,1.350000,260,90,900,1500,2000,120,13624,21.98,0,1
0.180000,1.350000,260,90,900,1500,2000,120,13028,16.65,0,1
0.180000,1.350000,260,90,900,1500,2000,120,13104,16.38,0,1
0.180000,1.350000,260,90,900,1500,2000,120,13014,16.45,0,1
0.180000,1.350000,260,90,900,1500,2000,120,13005,16.09,0,1