kp,kd,base_speed,min_base_speed,corner1,corner2,corner3,brake_pwr,runtime_ms,veerScore,lineLost,finish
0.100000,0.600000,350,200,2400,2450,2480,0,3597,42.11,0,1
0.100000,0.600000,350,200,2400,2450,2480,0,3660,43.26,0,1
0.100000,0.600000,350,200,2400,2450,2480,0,3659,42.81,0,1
0.100000,0.600000,350,200,2400,2450,2480,0,3664,45.87,0,1
0.100000,0.600000,350,200,2400,2450,2480,0,3624,43.68,0,1
0.100000,0.600000,350,200,2400,2450,2480,0,3588,44.48,0,1
0.100000,0.600000,350,200,2400,2450,2480,100,10728,13.67,0,0
0.100000,0.600000,350,200,2400,2450,2480,100,15367,54.30,90,0
0.180000,1.350000,260,90,900,1500,2000,120,4333,19.03,0,1