kp,kd,base_speed,min_base_speed,corner1,corner2,corner3,brake_pwr,runtime_ms,veerScore,lineLost,finish
0.180000,1.350000,260,90,900,1500,2000,120,9672,20.04,0,1
0.180000,1.350000,260,90,900,1500,2000,120,9930,22.05,0,1
0.180000,1.350000,260,90,900,1500,2000,120,9782,19.76,0,1
0.180000,1.350000,260,90,900,1500,2000,120,9665,14.97,0,1
0.180000,1.350000,260,90,900,1500,2000,120,9754,15.86,0,1
0.180000,1.350000,260,90,900,1500,2000,120,9718,15.06,0,1
